Name,Gender,Race_Ethnicity
Abbey,Female,White
Abby,Female,White
Ansley,Female,White
Bailey,Female,White
Baylee,Female,White
Beth,Female,White
Caitlin,Female,White
Carley,Female,White
Carly,Female,White
Colleen,Female,White
Dixie,Female,White
Ginger,Female,White
Haley,Female,White
Hayley,Female,White
Heather,Female,White
Holli,Female,White
Holly,Female,White
Jane,Female,White
Jayne,Female,White
Jenna,Female,White
Jill,Female,White
Jodi,Female,White
Kaleigh,Female,White
Kaley,Female,White
Kari,Female,White
Katharine,Female,White
Kathleen,Female,White
Kathryn,Female,White
Kayleigh,Female,White
Lauri,Female,White
Laurie,Female,White
Leigh,Female,White
Lindsay,Female,White
Lori,Female,White
Luann,Female,White
Lynne,Female,White
Mandi,Female,White
Marybeth,Female,White
Mckenna,Female,White
Meghan,Female,White
Meredith,Female,White
Misti,Female,White
Molly,Female,White
Patti,Female,White
Sue,Female,White
Susan,Female,White
Susannah,Female,White
Susanne,Female,White
Suzanne,Female,White
Svetlana,Female,White
Bart,Male,White
Beau,Male,White
Braden,Male,White
Bradley,Male,White
Bret,Male,White
Brett,Male,White
Brody,Male,White
Buddy,Male,White
Cade,Male,White
Carson,Male,White
Cody,Male,White
Cole,Male,White
Colton,Male,White
Conner,Male,White
Connor,Male,White
Conor,Male,White
Cooper,Male,White
Dalton,Male,White
Dawson,Male,White
Doyle,Male,White
Dustin,Male,White
Dusty,Male,White
Gage,Male,White
Graham,Male,White
Grayson,Male,White
Gregg,Male,White
Griffin,Male,White
Hayden,Male,White
Heath,Male,White
Holden,Male,White
Hoyt,Male,White
Hunter,Male,White
Jack,Male,White
Jody,Male,White
Jon,Male,White
Lane,Male,White
Logan,Male,White
Parker,Male,White
Reed,Male,White
Reid,Male,White
Rhett,Male,White
Rocco,Male,White
Rusty,Male,White
Salvatore,Male,White
Scot,Male,White
Scott,Male,White
Stuart,Male,White
Tanner,Male,White
Tucker,Male,White
Wyatt,Male,White
Amari,Female,Black
Aretha,Female,Black
Ashanti,Female,Black
Ayana,Female,Black
Ayanna,Female,Black
Chiquita,Female,Black
Demetria,Female,Black
Eboni,Female,Black
Ebony,Female,Black
Essence,Female,Black
Iesha,Female,Black
Imani,Female,Black
Jalisa,Female,Black
Khadijah,Female,Black
Kierra,Female,Black
Lakeisha,Female,Black
Lakesha,Female,Black
Lakeshia,Female,Black
Lakisha,Female,Black
Lashanda,Female,Black
Lashonda,Female,Black
Latanya,Female,Black
Latasha,Female,Black
Latonia,Female,Black
Latonya,Female,Black
Latoya,Female,Black
Latrice,Female,Black
Nakia,Female,Black
Precious,Female,Black
Queen,Female,Black
Sade,Female,Black
Shalonda,Female,Black
Shameka,Female,Black
Shamika,Female,Black
Shaneka,Female,Black
Shanice,Female,Black
Shanika,Female,Black
Shaniqua,Female,Black
Shante,Female,Black
Sharonda,Female,Black
Shawanda,Female,Black
Tameka,Female,Black
Tamia,Female,Black
Tamika,Female,Black
Tanesha,Female,Black
Tanika,Female,Black
Tawanda,Female,Black
Tierra,Female,Black
Tyesha,Female,Black
Valencia,Female,Black
Akeem,Male,Black
Alphonso,Male,Black
Antwan,Male,Black
Cedric,Male,Black
Cedrick,Male,Black
Cornell,Male,Black
Cortez,Male,Black
Darius,Male,Black
Darrius,Male,Black
Davon,Male,Black
Deandre,Male,Black
Deangelo,Male,Black
Demarcus,Male,Black
Demario,Male,Black
Demetrice,Male,Black
Demetrius,Male,Black
Deonte,Male,Black
Deshawn,Male,Black
Devante,Male,Black
Devonte,Male,Black
Donte,Male,Black
Frantz,Male,Black
Jabari,Male,Black
Jalen,Male,Black
Jamaal,Male,Black
Jamar,Male,Black
Jamel,Male,Black
Jaquan,Male,Black
Jarvis,Male,Black
Javon,Male,Black
Jaylon,Male,Black
Jermaine,Male,Black
Kenyatta,Male,Black
Keon,Male,Black
Lamont,Male,Black
Lashawn,Male,Black
Malik,Male,Black
Marquis,Male,Black
Marquise,Male,Black
Raheem,Male,Black
Rashad,Male,Black
Roosevelt,Male,Black
Shaquille,Male,Black
Stephon,Male,Black
Sylvester,Male,Black
Tevin,Male,Black
Trevon,Male,Black
Tyree,Male,Black
Tyrell,Male,Black
Tyrone,Male,Black
Alba,Female,Hispanic
Alejandra,Female,Hispanic
Alondra,Female,Hispanic
Amparo,Female,Hispanic
Aura,Female,Hispanic
Beatriz,Female,Hispanic
Belkis,Female,Hispanic
Blanca,Female,Hispanic
Caridad,Female,Hispanic
Dayana,Female,Hispanic
Dulce,Female,Hispanic
Elba,Female,Hispanic
Esmeralda,Female,Hispanic
Flor,Female,Hispanic
Graciela,Female,Hispanic
Guadalupe,Female,Hispanic
Haydee,Female,Hispanic
Iliana,Female,Hispanic
Ivelisse,Female,Hispanic
Ivette,Female,Hispanic
Ivonne,Female,Hispanic
Juana,Female,Hispanic
Julissa,Female,Hispanic
Lissette,Female,Hispanic
Luz,Female,Hispanic
Magaly,Female,Hispanic
Maribel,Female,Hispanic
Maricela,Female,Hispanic
Mariela,Female,Hispanic
Marisol,Female,Hispanic
Maritza,Female,Hispanic
Mayra,Female,Hispanic
Migdalia,Female,Hispanic
Milagros,Female,Hispanic
Mireya,Female,Hispanic
Mirta,Female,Hispanic
Mirtha,Female,Hispanic
Nereida,Female,Hispanic
Nidia,Female,Hispanic
Noemi,Female,Hispanic
Odalys,Female,Hispanic
Paola,Female,Hispanic
Rocio,Female,Hispanic
Viviana,Female,Hispanic
Xiomara,Female,Hispanic
Yadira,Female,Hispanic
Yanet,Female,Hispanic
Yesenia,Female,Hispanic
Zoila,Female,Hispanic
Zoraida,Female,Hispanic
Agustin,Male,Hispanic
Alejandro,Male,Hispanic
Alvaro,Male,Hispanic
Andres,Male,Hispanic
Anibal,Male,Hispanic
Arnaldo,Male,Hispanic
Camilo,Male,Hispanic
Cesar,Male,Hispanic
Diego,Male,Hispanic
Edgardo,Male,Hispanic
Eduardo,Male,Hispanic
Efrain,Male,Hispanic
Esteban,Male,Hispanic
Francisco,Male,Hispanic
Gerardo,Male,Hispanic
German,Male,Hispanic
Gilberto,Male,Hispanic
Gonzalo,Male,Hispanic
Guillermo,Male,Hispanic
Gustavo,Male,Hispanic
Hector,Male,Hispanic
Heriberto,Male,Hispanic
Hernan,Male,Hispanic
Humberto,Male,Hispanic
Jairo,Male,Hispanic
Javier,Male,Hispanic
Jesus,Male,Hispanic
Jorge,Male,Hispanic
Jose,Male,Hispanic
Juan,Male,Hispanic
Julio,Male,Hispanic
Lazaro,Male,Hispanic
Leonel,Male,Hispanic
Luis,Male,Hispanic
Mauricio,Male,Hispanic
Miguel,Male,Hispanic
Moises,Male,Hispanic
Norberto,Male,Hispanic
Octavio,Male,Hispanic
Osvaldo,Male,Hispanic
Pablo,Male,Hispanic
Pedro,Male,Hispanic
Rafael,Male,Hispanic
Ramiro,Male,Hispanic
Raul,Male,Hispanic
Reinaldo,Male,Hispanic
Rigoberto,Male,Hispanic
Santiago,Male,Hispanic
Santos,Male,Hispanic
Wilfredo,Male,Hispanic
